Title,Media URL,Pinterest board,Description,Link,Publish date,Keywords
Working by the Ocean at Agate Beach,https://raw.githubusercontent.com/KaterynaD/I-Found-This-Place/refs/heads/main/USA/Oregon/Oceanfront/AGATE%20BEACH/agate_beach_home_office_1.png,Oregon,"A desk by the window, with Agate Beach stretching wide below and the Pacific moving steadily beyond. Imagine a workday where the tide shifts across the sand just outside your view, and the rhythm of the ocean quietly replaces the usual office noise.",https://ifoundthisplace.beehiiv.com/p/private-almost-private-coastal-homes-in-oregon,,"ocean view office,Arch Cape Oregon,coastal work space,work from anywhere,beach house office,digital nomad ocean,pacific ocean view,coastal home inspiration"
A Quiet Workspace by the Ocean at Agate Beach,https://raw.githubusercontent.com/KaterynaD/I-Found-This-Place/refs/heads/main/USA/Oregon/Oceanfront/AGATE%20BEACH/agate_beach_home_office_2.png,Oregon,"A desk by the window, with Agate Beach stretching wide below and the Pacific moving steadily beyond. Imagine a workday where the tide shifts across the sand just outside your view, and the rhythm of the ocean quietly replaces the usual office noise.",https://ifoundthisplace.beehiiv.com/p/private-almost-private-coastal-homes-in-oregon,,"ocean view office,Arch Cape Oregon,coastal work space,work from anywhere,beach house office,digital nomad ocean,pacific ocean view,coastal home inspiration"
Slow Workdays by the Sea at Agate Beach,https://raw.githubusercontent.com/KaterynaD/I-Found-This-Place/refs/heads/main/USA/Oregon/Oceanfront/AGATE%20BEACH/agate_beach_home_office_3.png,Oregon,"A desk by the window, with Agate Beach stretching wide below and the Pacific moving steadily beyond. Imagine a workday where the tide shifts across the sand just outside your view, and the rhythm of the ocean quietly replaces the usual office noise.",https://ifoundthisplace.beehiiv.com/p/private-almost-private-coastal-homes-in-oregon,,"ocean view office,Arch Cape Oregon,coastal work space,work from anywhere,beach house office,digital nomad ocean,pacific ocean view,coastal home inspiration"
Working with an Ocean View at Agate Beach,https://raw.githubusercontent.com/KaterynaD/I-Found-This-Place/refs/heads/main/USA/Oregon/Oceanfront/AGATE%20BEACH/agate_beach_home_office_4.png,Oregon,"A desk by the window, with Agate Beach stretching wide below and the Pacific moving steadily beyond. Imagine a workday where the tide shifts across the sand just outside your view, and the rhythm of the ocean quietly replaces the usual office noise.",https://ifoundthisplace.beehiiv.com/p/private-almost-private-coastal-homes-in-oregon,,"ocean view office,Arch Cape Oregon,coastal work space,work from anywhere,beach house office,digital nomad ocean,pacific ocean view,coastal home inspiration"
Waking Up to the Pacific Ocean,https://raw.githubusercontent.com/KaterynaD/I-Found-This-Place/refs/heads/main/USA/Oregon/Oceanfront/AGATE%20BEACH/agate_beach_bedroom_1.png,Oregon,"A bedroom where the first thing you see each morning is Agate Beach and the Pacific just beyond. The sound of waves replaces an alarm, and the slow light over the shoreline becomes the way the day begins.",https://ifoundthisplace.beehiiv.com/p/private-almost-private-coastal-homes-in-oregon,,"ocean view bedroom,Agate Beach Oregon,coastal bedroom design,wake up by the ocean,beach house interior,pacific ocean home,coastal retreat,oregon coast living"
Waking Up with a viewof Agate Beach,https://raw.githubusercontent.com/KaterynaD/I-Found-This-Place/refs/heads/main/USA/Oregon/Oceanfront/AGATE%20BEACH/agate_beach_bedroom_2.png,Oregon,"A bedroom where the first thing you see each morning is Agate Beach and the Pacific just beyond. The sound of waves replaces an alarm, and the slow light over the shoreline becomes the way the day begins.",https://ifoundthisplace.beehiiv.com/p/private-almost-private-coastal-homes-in-oregon,,"ocean view bedroom,Agate Beach Oregon,coastal bedroom design,wake up by the ocean,beach house interior,pacific ocean home,coastal retreat,oregon coast living"
Coffee with a View Over Agate Beach,https://raw.githubusercontent.com/KaterynaD/I-Found-This-Place/refs/heads/main/USA/Oregon/Oceanfront/AGATE%20BEACH/agate_beach_deck_1.png,Oregon,"A quiet chair on a deck facing the Pacific. Sunset light, the rhythm of waves, and nowhere to be except right here. Some places along the Oregon coast feel like the entire ocean belongs just to you.",https://ifoundthisplace.beehiiv.com/p/private-almost-private-coastal-homes-in-oregon,,"oregon coast house,oceanfront deck,arch cape view,pacific sunset,coastal lifestyle,beach house inspiration,slow coastal living,ocean view home"
Morning Coffee Above Agate Beach,https://raw.githubusercontent.com/KaterynaD/I-Found-This-Place/refs/heads/main/USA/Oregon/Oceanfront/AGATE%20BEACH/agate_beach_deck_2.png,Oregon,"A quiet chair on a deck above Agate Beach, facing the open Pacific. Soft evening light, the steady rhythm of waves, and nowhere to be except right here. Some places along the Oregon coast make it feel like the ocean is yours for a while.",https://ifoundthisplace.beehiiv.com/p/private-almost-private-coastal-homes-in-oregon,,"oregon coast house,oceanfront deck,arch cape view,pacific sunset,coastal lifestyle,beach house inspiration,slow coastal living,ocean view home"
Coffee with Ocean Views at Agate Beach,https://raw.githubusercontent.com/KaterynaD/I-Found-This-Place/refs/heads/main/USA/Oregon/Oceanfront/AGATE%20BEACH/agate_beach_deck_3.png,Oregon,"A quiet chair on a deck above Agate Beach, facing the open Pacific. Soft evening light, the steady rhythm of waves, and nowhere to be except right here. Some places along the Oregon coast make it feel like the ocean is yours for a while.",https://ifoundthisplace.beehiiv.com/p/private-almost-private-coastal-homes-in-oregon,,"oregon coast house,oceanfront deck,arch cape view,pacific sunset,coastal lifestyle,beach house inspiration,slow coastal living,ocean view home"
Slow Mornings with Coffee by Agate Beach,https://raw.githubusercontent.com/KaterynaD/I-Found-This-Place/refs/heads/main/USA/Oregon/Oceanfront/AGATE%20BEACH/agate_beach_deck_4.png,Oregon,"A quiet chair on a deck above Agate Beach, facing the open Pacific. Soft evening light, the steady rhythm of waves, and nowhere to be except right here. Some places along the Oregon coast make it feel like the ocean is yours for a while.",https://ifoundthisplace.beehiiv.com/p/private-almost-private-coastal-homes-in-oregon,,"oregon coast house,oceanfront deck,arch cape view,pacific sunset,coastal lifestyle,beach house inspiration,slow coastal living,ocean view home"
Coffee by the Sea at Agate Beach,https://raw.githubusercontent.com/KaterynaD/I-Found-This-Place/refs/heads/main/USA/Oregon/Oceanfront/AGATE%20BEACH/agate_beach_deck_5.png,Oregon,"A quiet chair on a deck above Agate Beach, facing the open Pacific. Soft evening light, the steady rhythm of waves, and nowhere to be except right here. Some places along the Oregon coast make it feel like the ocean is yours for a while.",https://ifoundthisplace.beehiiv.com/p/private-almost-private-coastal-homes-in-oregon,,"oregon coast house,oceanfront deck,arch cape view,pacific sunset,coastal lifestyle,beach house inspiration,slow coastal living,ocean view home"
Morning Walk Along Quiet Agate Beach,https://raw.githubusercontent.com/KaterynaD/I-Found-This-Place/refs/heads/main/USA/Oregon/Oceanfront/AGATE%20BEACH/agate_beach_walk_1.png,Oregon,"A quiet morning on Agate Beach, where the shoreline stretches wide and the only sound is the rhythm of the waves. It’s easy to imagine slow walks here, breathing in the ocean air and letting the day begin at its own pace.",https://ifoundthisplace.beehiiv.com/p/private-almost-private-coastal-homes-in-oregon,,"oregon coast,Agate Beach Oregon,oceanfront living,coastal dream life,quiet beach walk,pacific ocean view,beach house lifestyle,slow living travel"
A Quiet Morning Walk on Agate Beach,https://raw.githubusercontent.com/KaterynaD/I-Found-This-Place/refs/heads/main/USA/Oregon/Oceanfront/AGATE%20BEACH/agate_beach_walk_2.png,Oregon,"A quiet morning on Agate Beach, where the shoreline stretches wide and the only sound is the rhythm of the waves. It’s easy to imagine slow walks here, breathing in the ocean air and letting the day begin at its own pace.",https://ifoundthisplace.beehiiv.com/p/private-almost-private-coastal-homes-in-oregon,,"oregon coast,Agate Beach Oregon,oceanfront living,coastal dream life,quiet beach walk,pacific ocean view,beach house lifestyle,slow living travel"
Early Walks on a Peaceful Agate Beach,https://raw.githubusercontent.com/KaterynaD/I-Found-This-Place/refs/heads/main/USA/Oregon/Oceanfront/AGATE%20BEACH/agate_beach_walk_3.png,Oregon,"A quiet morning on Agate Beach, where the shoreline stretches wide and the only sound is the rhythm of the waves. It’s easy to imagine slow walks here, breathing in the ocean air and letting the day begin at its own pace.",https://ifoundthisplace.beehiiv.com/p/private-almost-private-coastal-homes-in-oregon,,"oregon coast,Agate Beach Oregon,oceanfront living,coastal dream life,quiet beach walk,pacific ocean view,beach house lifestyle,slow living travel"
Morning Stroll on a Calm Agate Beach,https://raw.githubusercontent.com/KaterynaD/I-Found-This-Place/refs/heads/main/USA/Oregon/Oceanfront/AGATE%20BEACH/agate_beach_walk_4.png,Oregon,"A quiet morning on Agate Beach, where the shoreline stretches wide and the only sound is the rhythm of the waves. It’s easy to imagine slow walks here, breathing in the ocean air and letting the day begin at its own pace.",https://ifoundthisplace.beehiiv.com/p/private-almost-private-coastal-homes-in-oregon,,"oregon coast,Agate Beach Oregon,oceanfront living,coastal dream life,quiet beach walk,pacific ocean view,beach house lifestyle,slow living travel"
